name,url,studio_or_individual,portfolio_model,central_concept,navigation_model,scroll_behavior,webgl_usage,project_depth,mobile_quality,accessibility,likely_team_scale,reusable_lessons,unsuitable_aspects,relevance_score_for_house_adel,evidence_status,accessed_date
"Active Theory","https://activetheory.net/","studio","future-scale experiential portfolio and studio-authored technical archive","creative technology as a medium for shared experience; internal tools emerge from repeated project demands","JavaScript-led experiential home plus work routes; detailed evidence lives in official process articles","current portfolio behavior not fully verified","Historical official articles document Hydra and multiple project-specific WebGL systems; current portfolio renderer unverified","high in studio-authored process articles; public work entrance is less indexable","device-tier reductions documented for historical projects; current portfolio mobile behavior unverified","historical performance adaptations documented; current keyboard, screen-reader, reduced-motion, and fallback behavior unknown","company-maintained LinkedIn lists 11–50; future-scale","build tools only after repeated constraints; document device tiers, production reasoning, and project tradeoffs","custom-engine prestige, microverse language, or persistent canvas without the same team and pipeline","7.5","Primary official site and studio-authored technical articles; company-maintained LinkedIn used only for directional scale; current portfolio stack unverified","2026-07-30"
"Bruno Simon","https://bruno-simon.com/","individual","solo auteur portfolio with immersive 3D world and separate semantic HTML route","driving is the single verb governing navigation, physics, discovery, sound, and asset production","spatial driving, map, controls, and project locations; separate HTML page exposes direct semantic project and contact links","free spatial movement in 3D; conventional document scroll in HTML version","Official page and repository verify Three.js, TSL WebGL/WebGPU, Rapier, Howler, compressed glTF/KTX assets, and Vite","medium inside the world; strong technical depth in open repository and clearer project list in HTML version","quality and renderer controls visible; exact mobile tier and route parity not audited","HTML version is semantic and link-rich; observed immersive tree exposed only two unlabeled buttons, so expressive and semantic layers diverge","individual plus credited music and project collaborators","make one metaphor complete; publish the asset pipeline; provide a dignified non-spatial route","game/vehicle metaphor, hidden canvas destinations, and a fallback treated as a separate lower-status site","7.0","Primary official site, HTML route, official repository, package manifest, and browser observation","2026-07-30"
"Resn","https://resn.co.nz/","studio","future-scale expressive creative-digital portfolio","studio permission for strangeness, humor, and experimentation rather than one repeatable visual skin","sparse discovery-led home with showreel, audio, and view-all-work path","experiential behavior foregrounded; exact scroll system unverified","current renderer and framework unverified","medium; work breadth is visible but current indexed process and role depth are limited","unverified","audio is part of the entry language; keyboard, reduced-motion, semantic fallback, and no-WebGL behavior unverified","current headcount unverified; long-running agency founded in 2004 per company-maintained Behance","retain a distinctive studio voice while client worlds vary","weirdness as a substitute for positioning or direct project evidence","5.5","Primary official home/work pages plus company-maintained Behance for historical positioning; implementation and current scale unverified","2026-07-30"
"Dogstudio","https://dogstudio.co/","studio","future-scale multidisciplinary studio portfolio","irreverent house personality combined with art, design, technology, brand, and entertainment capabilities","featured-project home, direct project destinations, studio, values, and careers routes","rich media and motion visible; exact scroll implementation unverified","emerging-tech and installation capability verified; current portfolio renderer unverified","medium-high; descriptive featured cases and broad service context","unverified","current keyboard, reduced-motion, no-WebGL, and semantic fallback behavior unverified","careers page used '32 freaks & geeks' on access date; future-scale","separate the house voice from changing client art direction; align asset disciplines with technical delivery","gaming-adjacent swagger, irreverence, or technology-as-personality for an intimate studio","6.5","Primary official home, studio, values, careers, and AI practice pages; current portfolio stack unverified","2026-07-30"
"Immersive Garden","https://immersive-g.com/","studio","future-scale luxury and cultural experience portfolio","cinematic, high-finish orchestration across client-specific luxury, culture, hospitality, and fashion worlds","direct project index with discipline/category labels","rich media visible; exact scroll system unverified","project index includes technology and 3D tags; current renderer unverified","medium; broad work index and project taxonomy, with variable public process depth","unverified","keyboard, reduced-motion, mobile parity, no-WebGL, and failed-media behavior unverified","exact current team size unverified; Inference: documented capability breadth implies multidisciplinary production","integrate art direction with film, 3D, strategy, and delivery; preserve a direct project index","copying luxury-cinematic polish without its asset, rights, and specialist production burden","8.0","Primary official home and projects index; technical implementation and current scale unverified","2026-07-30"
"Lusion","https://lusion.co/about/","studio","future-scale real-time creative production studio","specialist design, motion, 3D, and technology capability is the persistent identity","portfolio and about routes; exact current interaction architecture unverified","unverified","Official about page verifies WebGL development, Unity/Unreal, installations, AR/VR, procedural modeling, asset optimization, and 3D pipelines; home renderer unverified","medium; capability and production model are explicit, individual case depth varies","unverified","keyboard, reduced-motion, no-WebGL, mobile tiers, and slow-network behavior unverified","worldwide specialist network led by founder/creative director; exact headcount unverified","treat asset creation, optimization, animation, and runtime delivery as one pipeline","implying specialist real-time capability through generic shader effects or without named collaborators","7.5","Primary official current and historical about pages; service capabilities verified, current portfolio stack unverified","2026-07-30"
"Locomotive","https://locomotive.ca/","studio","independent digital-first agency portfolio plus separate open-source scrolling artifact","strategy, content, design, and development craft hold diverse client work together","standard agency/work routes, filterable 43-item index, direct cases, and detailed credits","native scroll is the House Adel baseline; separate Locomotive Scroll v5 library uses native scrollbar on a Lenis foundation and documents keyboard/ARIA policies","no current portfolio WebGL claim; individual cases may include 3D/motion","high; Elektra and Haven cases explain purpose, platform, and multidisciplinary credits","unverified for current portfolio; library disables touch parallax by default","Locomotive Scroll v5 documents keyboard and ARIA support, but current site conformance and focus/reduced-motion behavior are unverified","independent small/nimble agency; visible roster is larger than a solo studio and includes at least nine design roles","deep case credits, a durable work index, and clear separation between portfolio and technical tool","smooth scrolling or parallax as a default signature rather than an experience-specific choice","8.5","Primary official agency/work/case pages and official GitHub repository; current portfolio renderer unverified","2026-07-30"
"MakeMePulse","https://www.makemepulse.com/who-we-are/","studio","future-scale global creative-and-technology agency portfolio","strategy, design, technology, and proprietary real-time infrastructure support repeat client work","studio and project routes; exact current portfolio navigation behavior unverified","unverified","Official page names proprietary NanoGL real-time 3D engine; current portfolio use and implementation details unverified","medium; business proposition and scale are explicit, case depth varies","unverified","current keyboard, reduced-motion, mobile tiers, and no-WebGL behavior unverified","company-maintained LinkedIn lists 11–50; multi-market future-scale agency","connect technical differentiation to delivery capability and returning-client business","a custom engine as a near-term goal or status signal","7.5","Primary official company page plus company-maintained LinkedIn for directional scale; self-reported awards/returning-client figures; portfolio stack unverified","2026-07-30"
"Hello Monday","https://hellomonday.com/","studio","future-scale creative studio with filterable work and explanatory cases","concepts become structured narratives connecting brand idea, interaction, and deliverables","direct work index, filters, project routes, service and about pages","rich case media within conventional routes; exact scroll implementation unverified","3D modeling and animation documented on Google Cloud case; exact renderer unverified","high; Google Cloud, Lyft, and The Web Can Do What explain concept, structure, and deliverables","unverified","keyboard, reduced-motion, mobile transition, video alternative, and no-WebGL behavior unverified","about page listed roughly three dozen names across four locations on access date; within DEPT","translate a central metaphor into legible case evidence; keep direct routes and modular summaries","imitating future-scale polish without the narrative, roles, and asset production behind it","9.0","Primary official home, about, services, work, and case pages; current portfolio stack unverified","2026-07-30"
"North Kingdom","https://www.northkingdom.com/","studio","future-scale gamified storytelling and experience portfolio","participatory systems built from storytelling, rules, progression, and feedback","standard studio/work routes leading to interactive and entertainment cases","unverified","official services verify 3D, full-stack, AI, VR/AR, and prototyping; current renderer unverified","medium; capability and work breadth are clear","unverified","keyboard, touch alternatives, reduced-motion, and no-WebGL behavior unverified","established studio with careers operation; exact current headcount unverified","define interaction rules and feedback instead of decorating transitions","game menus, unlocks, portal selection, and achievement logic for a non-gaming studio","5.5","Primary official about, work, and careers pages; implementation and current scale unverified","2026-07-30"
"Aristide Benoist","https://aristidebenoist.com/folio-v1","individual","independent motion-and-interaction portfolio with concise project archive","individual technical authorship made legible through client, role, and project-type metadata","JavaScript-led current home; archived folio provides a direct work list","motion-led; exact scroll architecture unverified","one archive entry explicitly identifies native WebGL for Capsulin; portfolio-wide renderer unverified","medium-low narrative depth but strong breadth and role metadata","unverified","current keyboard, reduced-motion, mobile, and no-JavaScript behavior unverified","individual plus project collaborators","publish role/type/client metadata and retain a durable archive","assuming motion alone communicates strategy or client outcome","7.0","Primary official current site and archived folio; only project-specific WebGL evidence is recorded","2026-07-30"
"Niccolò Miranda","https://www.niccolomiranda.com/","individual","multidisciplinary freelancer portfolio with strong editorial art direction","paper/editorial sensibility, typography, motion, and creative coding frame an individual practice","horizontal drag-led work list with direct project destinations","horizontal exploration is prominent; exact scroll library unverified","unverified; no framework or renderer claim","medium; recognisable selection with less public process/outcome detail than full studio cases","touch and mobile behavior not audited","keyboard equivalent for drag, focus order, reduced motion, and fallback behavior unverified","individual plus collaborators","combine art direction, typography, pacing, and development under clear individual authorship","copying the paper metaphor or making horizontal drag the only reading mode","8.0","Primary official portfolio and browser observation; technology and accessibility unverified","2026-07-30"
"Dennis Snellenberg","https://dennissnellenberg.com/","individual","freelance designer-developer portfolio with selected work, large archive, and explicit delivery offer","business clarity and interaction craft without a heavy fictional wrapper","direct semantic routes, selected work, archive, cases, about, and contact","conventional document navigation with polished transitions; exact libraries unverified","no current portfolio WebGL claim","high for authorship and continuity; selected cases credit design and interaction collaborators","not audited","direct links and conventional routes are structurally promising; focus, reduced-motion, contrast, and touch targets unverified","individual plus credited collaborators","state concept-to-implementation offer, CMS options, roles, collaborators, current selection, and archive","magnetic cursors, page wipes, or microinteraction tropes elevated into the governing concept","9.0","Primary official about, work, Damai, and TWICE pages; Webflow/Kirby are verified offered platforms, not universal case stacks","2026-07-30"
"Obys","https://obys.agency/","studio","under-ten concept-driven studio portfolio plus experiment archive","typography, grid, motion, and concept are house methods while client identities vary","direct works plus Vertical, Horizontal, and Grid views; separate Design for Love experiment archive","multiple presentation modes; exact scroll implementation unverified","3D and web development are verified services; current portfolio renderer unverified","high; commercial work, practice principles, services, and experiment context","mobile layout observed at 390x844; visual quality not scored","Browser observation: accessibility tree exposed direct links and very large duplicated link groups. Inference: duplication came from alternate layouts. Reduced-motion and focus behavior unverified","official about page says intentionally under ten","make small-team proximity a strength; expose practice principles and keep experiments distinct from client work","duplicated alternate-view navigation or fashionable typography/motion used as a generic skin","9.0","Primary official home, about, works, experiment archive, and browser observation; no conformance claim","2026-07-30"
"Studio Freight","https://studiofreight.com/","studio","independent strategy-design-experience studio with self-case","'Moving Missions Forward' is an operating promise; studio illustration language remains separate from client worlds","direct Home, Work, Info, News, Aeon, Contact, and project links","art-directed document routes; exact scroll implementation unverified","unverified; no renderer claim","high; self-case explains promise, rebrand, illustration system, strategy, design, and technology","not audited","observed direct semantic links; focus, reduced-motion, image alternatives, and mobile parity unverified","roughly 22 visible people on info page; realistic stretch peer","use a house-level operating idea to govern selection and explanation without styling every client alike","copying the schematic-surrealist illustration program or its larger production footprint","8.5","Primary official home, info, work, and self-case plus browser observation; current stack unverified","2026-07-30"
"OFF+BRAND","https://www.itsoffbrand.com/","studio","multidisciplinary brand/design/development portfolio with selective WebGL and 3D","direct anti-generic studio voice tied to visible specialist disciplines","project index and about routes; separate gesture-led manifesto experiment","gesture interactions documented for manifesto; core portfolio behavior not fully audited","home labels WebGL/3D work; Webflow customer story documents WebGL animation and editable CMS on Jasper project","medium-high; disciplines and team roles are clear, case depth varies","unverified","gesture alternatives, keyboard support, reduced motion, and no-WebGL routes unverified","multi-role London/Glasgow team with visible 3D artist, WebGL engineer, technical lead, designers, and developers","label disciplines honestly; combine editable CMS delivery with selective custom rendering","manifesto-style taps, drags, and holds as required access to business information","7.0","Primary official home/about, Webflow customer account, and Communication Arts manifesto description; project-specific technology only","2026-07-30"
"Bürocratik","https://www.burocratik.com/","studio","independent branding and digital-experience portfolio with history/timeline publishing","independence, typography, detail, and a visible 18-year practice history","direct projects and studio timeline; separate book-format history experience","tactile document pacing; exact scroll system unverified","unverified; no renderer claim","medium-high; history and project continuity are strong, process depth varies","unverified","keyboard operation, reduced-motion behavior, mobile adaptation, and no-JavaScript fallback unverified","small independent studio by self-description; exact current headcount unverified","let typography, business history, and content-specific formats create authority without default 3D","making tactile density or one book metaphor universal across unrelated projects","8.0","Primary official studio site and official book/timeline; technology and current scale unverified","2026-07-30"
"Basement Studio","https://basement.studio/","studio","future-scale content-and-technology studio portfolio with deep technical blog","expressive cultural work and commercial performance are presented as one practice","direct featured work, people, cases, and technical journal routes","rich media within document routes; exact home scroll system unverified","official articles document Shader Lab (https://basement.studio/post/the-making-of-shader-lab), React Three Fiber for KidSuper (https://basement.studio/post/kidsuper-world-bringing-paints-to-life-with-r3f), GSAP/Next.js (https://basement.studio/post/gsap-and-nextjs-setup-the-bsmnt-way), and a Gatsby-to-Next.js migration (https://basement.studio/post/migrating-large-scale-websites-from-gatsby-to-nextjs); current home stack unverified","high; cases plus substantial behind-the-scenes technical writing","unverified","current reduced-motion, keyboard, semantic fallback, no-WebGL, and performance-tier behavior unverified","people page says 'The Crew 38'","publish constraints and build reasoning so technical judgment becomes part of studio authority","benchmarking a compact studio against a 38-person asset and production volume","8.0","Primary official home, people, direct technical articles, and Apollo case; technology claims remain project/article-specific","2026-07-30"
"Shopify Editions","https://www.shopify.com/editions","company recurring-release framework","six-month recurring product-release framework with radically changing creative direction","stable update record and product categories sit beneath a new edition premise every six months","named category anchors, modular update articles, direct documentation/action links, and footer navigation","long editorial pages with rich media; semantic section anchors observed","official process says recent editions were Hydrogen stores at publication; no unsupported renderer claim","very high; 150+ modular updates, stable categories, direct product evidence, and official process writing","Spring 2026 observed at 390x844 with readable semantic hierarchy","observed headings, named section links, descriptive image alternatives, video controls, and direct documentation links; full conformance and reduced-motion behavior not audited","enterprise-scale cross-functional production; not a studio staffing peer","keep the content contract stable while each project or edition earns a different visual world","copying enterprise content volume, seasonal styling, or a boring/non-boring premise","9.5","Primary official Editions hub, Summer 2022, Winter 2025, Spring 2026, official process article, and browser observation","2026-07-30"
"14islands","https://www.14islands.com/","studio","design-and-technology agency portfolio with journal and recurring experiment culture","collaborative product/design/technology craft supported by Hack Days","direct work, culture, journal, and case routes","art-directed case pages; exact global scroll implementation unverified","GOALS case explicitly names React, Next.js, WebGL, Three.js/R3F, Sass, and Sanity","high; GOALS connects recruiting purpose, creative approach, and production technology","unverified","keyboard, reduced-motion, no-WebGL, mobile quality tiers, and failure handling unverified","multi-person Stockholm/Reykjavík agency founded by three developers; exact current headcount unverified","publish project-specific technology and outcomes; separate lab practice from client delivery","assuming a compact studio has the same product-engineering depth or experimentation budget","8.5","Primary official home, culture, Hack Days article, and GOALS case; stack claim is case-specific","2026-07-30"
"Unseen Studio","https://unseen.co/","studio","explorable brand/digital/motion studio world with direct index and annual review","a coherent explorable studio world surrounds direct project, index, contact, and year-review routes","click-and-hold and drag exploration plus menu links to Index, Projects, Contact, and World","spatial drag exploration; 2025 Wrapped uses a timeline; exact scroll engine unverified","current renderer unverified","medium-high; direct projects and annual work review survive beyond the entrance","mobile entrance observed at 390x844 with direct routes and non-audio choice","observed labeled Enter and Enter without audio, menu, direct links, sound toggle, mail/tel/social links; keyboard drag equivalent, reduced motion, and no-WebGL behavior unverified","exact current team size unverified; multidisciplinary studio","pair authored exploration with an ordinary index, direct contact, and non-audio entrance","holding, dragging, sound, or spatial memory as required navigation","8.0","Primary official home, official 2025 Wrapped, and browser observation; technology and conformance unverified","2026-07-30"
"Garden Eight","https://garden-eight.com/","studio","small independent digital-design studio portfolio","optimistic craftsmanship and curiosity form the house voice while projects retain distinct visual identities","direct project-led home and about routes","playful color and motion around direct project navigation; exact scroll system unverified","unverified; no renderer claim","medium; strong breadth and studio context, with limited published technical process","not audited","focus order, reduced motion, no-JavaScript fallback, image alternatives, and touch targets unverified","official about page identifies seven people and more than ten years in practice","prove that a small team can sustain art-directed range through selectivity, role clarity, and craft","imitating playful surface styling without the studio's controlled scope and production care","9.0","Primary official home/about, browser observation, and authoritative secondary Communication Arts aircord record; implementation unverified","2026-07-30"
